{
  "project_info": {
    "project_number": "136185806367",
    "project_id": "newtruyenne",
    "storage_bucket": "newtruyenne.appspot.com"
  },
  "client": [
    {
      "client_info": {
        "mobilesdk_app_id": "1:136185806367:android:08c1ccdea4e9df8b54df2a",
        "android_client_info": {
          "package_name": "com.example.mytruyentranh"
        }
      },
      "oauth_client": [
        {
          "client_id": "136185806367-4s0tmfovg1k20oej21jidba6bigglifj.apps.googleusercontent.com",
          "client_type": 3
        }
      ],
      "api_key": [
        {
          "current_key": "AIzaSyCdaMkb-cWhSMiqrzvJJiUJD2-wD4ESqBU"
        }
      ],
      "services": {
        "appinvite_service": {
          "other_platform_oauth_client": [
            {
              "client_id": "136185806367-4s0tmfovg1k20oej21jidba6bigglifj.apps.googleusercontent.com",
              "client_type": 3
            }
          ]
        }
      }
    }
  ],
  "configuration_version": "1"
}